<?xml version="1.0" encoding="UTF-8"?>
<project-private xmlns="http://www.netbeans.org/ns/project-private/1">
    <editor-bookmarks xmlns="http://www.netbeans.org/ns/editor-bookmarks/2" lastBookmarkId="0"/>
    <open-files xmlns="http://www.netbeans.org/ns/projectui-open-files/2">
        <group>
            <file>file:/D:/A%20SMST%204/PBO/Tugas/Projek%20UTS/JavaApplication11/src/javaapplication11/Pencacahan.java</file>
            <file>file:/D:/A%20SMST%204/PBO/Tugas/Projek%20UTS/JavaApplication11/src/javaapplication11/BadanHukum.java</file>
            <file>file:/D:/A%20SMST%204/PBO/Tugas/Projek%20UTS/JavaApplication11/src/javaapplication11/KIP.java</file>
            <file>file:/D:/A%20SMST%204/PBO/Tugas/Projek%20UTS/JavaApplication11/src/javaapplication11/StatusKunjungan.java</file>
            <file>file:/D:/A%20SMST%204/PBO/Tugas/Projek%20UTS/JavaApplication11/src/javaapplication11/Keaktifan.java</file>
        </group>
    </open-files>
</project-private>
